<?xml version="1.0" encoding="UTF-8" standalone="yes"?>
<addon id="repository.dontpanic2" name="Don't Panic" version="0.2.7" provider-name="fvlaicu">
    <extension point="xbmc.addon.repository" name="Don't Panic Kodi Repo">
        <dir minversion="20.90.0">
            <info compressed="false">https://raw.githubusercontent.com/fvlaicu/dontpanickodi/master/omega/zips/addons.xml</info>
            <checksum>https://raw.githubusercontent.com/fvlaicu/dontpanickodi/master/omega/zips/addons.xml.md5</checksum>
            <datadir zip="true">https://raw.githubusercontent.com/fvlaicu/dontpanickodi/master/omega/zips/</datadir>
        </dir>
    </extension>
    <extension point="xbmc.addon.metadata">
        <summary>dontpanic</summary>
        <description>Randomly reasonably stable hacked/improved/altered addons</description>
        <disclaimer></disclaimer>
        <platform>all</platform>
        <assets>
            <icon>icon.png</icon>
            <fanart>fanart.jpg</fanart>
        </assets>
    </extension>
</addon>