<?xml version="1.0" encoding="UTF-8" standalone="yes"?>
<addon id="script.plexmod"
       name="Plex"
       version="0.4.1-2d9d7ae"
       provider-name="pannal">
    <requires>
        <import addon="xbmc.python" version="3.0.0"/>
        <import addon="script.module.requests" version="2.27.1+matrix.1"/>
        <import addon="script.module.six" version="1.15.0+matrix.1"/>
        <import addon="script.module.kodi-six" version="0.1.3.1" />
    </requires>
    <extension point="xbmc.python.script" library="default.py">
        <provides>video</provides>
    </extension>
    <extension point="xbmc.python.pluginsource" library="plugin.py">
        <provides>executable</provides>
    </extension>
    <extension point="xbmc.service" library="service.py" />
    <extension point="xbmc.addon.metadata">
        <summary lang="en_GB">Plex for Kodi</summary>
        <summary lang="de_DE">Plex für Kodi</summary>
        <summary lang="hu_HU">Plex for Kodi</summary>
        <summary lang="it_IT">Plex per Kodi</summary>
        <summary lang="es_ES">Plex para Kodi</summary>
        <summary lang="ru_RU">Plex for Kodi</summary>
        <description lang="en_GB">Official Plex for Kodi add-on</description>
        <description lang="de_DE">Offizielles Plex für Kodi Addon</description>
        <description lang="hu_HU">Hivatalos Plex for Kodi add-on</description>
        <description lang="it_IT">Addon ufficiale Plex per Kodi</description>
        <description lang="es_ES">Addon oficial Plex para Kodi</description>
        <description lang="fr_FR">Add-on Officiel Plex pour Kodi</description>
        <description lang="ru_RU">Официальный аддон Plex for Kodi</description>
        <license>GPL-2.0-only</license>
        <forum>https://forums.plex.tv/tags/plex-for-kodi</forum>
        <website>https://www.plex.tv</website>
        <source>https://github.com/plexinc/plex-for-kodi</source>
        <platform>all</platform>
        <news>
Initial PlexMod for Kodi release, based on my plex-for-kodi fork's develop branch
Add support for Kodi Nexus (20) on LibreELEC and Android
Add AV1 toggle and AV1 direct play support
Rename addon to "script.plexmod"
Add all non-plex-conform features of the develop branch as default features
        </news>
        <assets>
            <icon>icon.png</icon>
            <fanart>fanart.jpg</fanart>
        </assets>
    </extension>
</addon>
